ln(Test_Stress),Stress/T,1/T(K),ln(Life)
5.568344504,0.204185013,0.000779332,4.454347296
5.568344504,0.204185013,0.000779332,4.188138442
