Feature_1,Feature_2,Label
0.2655093180692062,1.0914816645580103,0.0961298616033648
1.2863027183471138,1.034703461979427,0.0725461715200188
-1.8050663945047447,-1.7963795321255245,0.0211564761084223
-0.522527223154229,-2.106557389474531,0.0165623019868732
2.0716845518041884,-0.187683360791411,0.0386235036329323
0.0642671118799587,0.1537665731921625,0.0775556406390221
3.608340463504719,0.432651607253832,0.00376887386026
